title,company,description,required_skills,duration,stipend,rating,company_prestige,popularity,apply_url
Web Development with Flask,CodeCrafters,"This internship focuses on creating a smart automation tool for the PM Internship Scheme. The candidate will be involved in the full development lifecycle, from concept to deployment.","python, machine learning, flask, scikit-learn",6 months,15000,4.6,6,63,https://www.linkedin.com/jobs/search/?keywords=internship
AI/ML Development Intern,CyberGuard Systems,Work on a functional prototype of a smart allocation system. Responsibilities include building the recommendation algorithm and demonstrating its effectiveness through a user interface.,"python, machine learning, flask, scikit-learn",6 months,20000,4.4,5,73,https://www.linkedin.com/jobs/search/?keywords=internship
Product Management Intern,CyberGuard Systems,"This internship focuses on creating a smart automation tool for the PM Internship Scheme. The candidate will be involved in the full development lifecycle, from concept to deployment.","ai, nlp, python, data science",2 months,20000,3.9,7,84,https://www.linkedin.com/jobs/search/?keywords=internship
Software Engineering Intern,Insight Analytics,"This internship focuses on creating a smart automation tool for the PM Internship Scheme. The candidate will be involved in the full development lifecycle, from concept to deployment.","python, machine learning, flask, scikit-learn",3 months,15000,4.0,5,93,https://www.linkedin.com/jobs/search/?keywords=internship
Data Science Intern,DataWise Inc.,"Develop and implement an AI-based matchmaking engine for efficient internship placement. The project involves data preprocessing, model training, and front-end integration.","ai, nlp, python, data science",3 months,15000,4.5,6,99,https://www.linkedin.com/jobs/search/?keywords=internship
Frontend Developer (JavaScript),Webify Services,"Develop and implement an AI-based matchmaking engine for efficient internship placement. The project involves data preprocessing, model training, and front-end integration.","python, machine learning, flask, scikit-learn",2 months,5000,4.1,7,97,https://www.linkedin.com/jobs/search/?keywords=internship
Frontend Developer (JavaScript),Innovate AI,"Develop and implement an AI-based matchmaking engine for efficient internship placement. The project involves data preprocessing, model training, and front-end integration.","python, machine learning, flask, scikit-learn",6 months,15000,4.4,6,62,https://www.linkedin.com/jobs/search/?keywords=internship
Data Science Intern,PixelPerfect,Work on a functional prototype of a smart allocation system. Responsibilities include building the recommendation algorithm and demonstrating its effectiveness through a user interface.,"flask, javascript, html, css, sqlite",2 months,10000,3.9,5,99,https://www.linkedin.com/jobs/search/?keywords=internship
Data Analyst Intern,PixelPerfect,Work on a functional prototype of a smart allocation system. Responsibilities include building the recommendation algorithm and demonstrating its effectiveness through a user interface.,"python, machine learning, flask, scikit-learn",3 months,12000,4.3,8,79,https://www.linkedin.com/jobs/search/?keywords=internship
Frontend Developer (JavaScript),TechNext Solutions,Work on a functional prototype of a smart allocation system. Responsibilities include building the recommendation algorithm and demonstrating its effectiveness through a user interface.,"python, machine learning, flask, scikit-learn",5 months,5000,4.2,6,74,https://www.linkedin.com/jobs/search/?keywords=internship
Web Development with Flask,Innovate AI,"Develop and implement an AI-based matchmaking engine for efficient internship placement. The project involves data preprocessing, model training, and front-end integration.","flask, javascript, html, css, sqlite",5 months,12000,3.8,7,84,https://www.linkedin.com/jobs/search/?keywords=internship
AI Research Intern,PixelPerfect,"Develop and implement an AI-based matchmaking engine for efficient internship placement. The project involves data preprocessing, model training, and front-end integration.","ai, nlp, python, data science",2 months,5000,4.2,6,92,https://www.linkedin.com/jobs/search/?keywords=internship
Frontend Developer (JavaScript),QuantumLeap AI,Work on a functional prototype of a smart allocation system. Responsibilities include building the recommendation algorithm and demonstrating its effectiveness through a user interface.,"ai, nlp, python, data science",2 months,20000,4.6,5,93,https://www.linkedin.com/jobs/search/?keywords=internship
Cybersecurity Analyst Intern,DataWise Inc.,"This internship focuses on creating a smart automation tool for the PM Internship Scheme. The candidate will be involved in the full development lifecycle, from concept to deployment.","ai, nlp, python, data science",2 months,5000,4.3,6,64,https://www.linkedin.com/jobs/search/?keywords=internship
Cybersecurity Analyst Intern,Webify Services,"Develop and implement an AI-based matchmaking engine for efficient internship placement. The project involves data preprocessing, model training, and front-end integration.","python, machine learning, flask, scikit-learn",2 months,20000,4.6,6,74,https://www.linkedin.com/jobs/search/?keywords=internship
Data Science Intern,DataWise Inc.,"Develop and implement an AI-based matchmaking engine for efficient internship placement. The project involves data preprocessing, model training, and front-end integration.","flask, javascript, html, css, sqlite",5 months,20000,3.9,5,94,https://www.linkedin.com/jobs/search/?keywords=internship
Web Development with Flask,Insight Analytics,"This internship focuses on creating a smart automation tool for the PM Internship Scheme. The candidate will be involved in the full development lifecycle, from concept to deployment.","flask, javascript, html, css, sqlite",6 months,5000,4.0,6,77,https://www.linkedin.com/jobs/search/?keywords=internship
Data Analyst Intern,CodeCrafters,"Develop and implement an AI-based matchmaking engine for efficient internship placement. The project involves data preprocessing, model training, and front-end integration.","python, machine learning, flask, scikit-learn",6 months,10000,4.6,7,84,https://www.linkedin.com/jobs/search/?keywords=internship
Cybersecurity Analyst Intern,CodeCrafters,"This internship focuses on creating a smart automation tool for the PM Internship Scheme. The candidate will be involved in the full development lifecycle, from concept to deployment.","flask, javascript, html, css, sqlite",3 months,20000,4.6,8,61,https://www.linkedin.com/jobs/search/?keywords=internship
Product Management Intern,SecureNet,Work on a functional prototype of a smart allocation system. Responsibilities include building the recommendation algorithm and demonstrating its effectiveness through a user interface.,"python, machine learning, flask, scikit-learn",5 months,5000,4.3,5,65,https://www.linkedin.com/jobs/search/?keywords=internship
Frontend Developer (JavaScript),LogicLoop,Work on a functional prototype of a smart allocation system. Responsibilities include building the recommendation algorithm and demonstrating its effectiveness through a user interface.,"ai, nlp, python, data science",6 months,20000,4.4,6,93,https://www.linkedin.com/jobs/search/?keywords=internship
AI/ML Development Intern,Webify Services,Work on a functional prototype of a smart allocation system. Responsibilities include building the recommendation algorithm and demonstrating its effectiveness through a user interface.,"flask, javascript, html, css, sqlite",5 months,20000,3.9,6,92,https://www.linkedin.com/jobs/search/?keywords=internship
AI Research Intern,CyberGuard Systems,"Develop and implement an AI-based matchmaking engine for efficient internship placement. The project involves data preprocessing, model training, and front-end integration.","ai, nlp, python, data science",4 months,5000,4.1,5,84,https://www.linkedin.com/jobs/search/?keywords=internship
Cloud Engineering Intern,LogicLoop,"Develop and implement an AI-based matchmaking engine for efficient internship placement. The project involves data preprocessing, model training, and front-end integration.","flask, javascript, html, css, sqlite",5 months,15000,4.1,5,78,https://www.linkedin.com/jobs/search/?keywords=internship
Web Development with Flask,CloudSphere Technologies,"Develop and implement an AI-based matchmaking engine for efficient internship placement. The project involves data preprocessing, model training, and front-end integration.","ai, nlp, python, data science",3 months,12000,4.1,5,75,https://www.linkedin.com/jobs/search/?keywords=internship
Data Science Intern,TechNext Solutions,Work on a functional prototype of a smart allocation system. Responsibilities include building the recommendation algorithm and demonstrating its effectiveness through a user interface.,"flask, javascript, html, css, sqlite",2 months,15000,4.3,6,76,https://www.linkedin.com/jobs/search/?keywords=internship
Data Analyst Intern,Webify Services,"Develop and implement an AI-based matchmaking engine for efficient internship placement. The project involves data preprocessing, model training, and front-end integration.","flask, javascript, html, css, sqlite",6 months,20000,4.1,8,81,https://www.linkedin.com/jobs/search/?keywords=internship
Data Science Intern,PixelPerfect,Work on a functional prototype of a smart allocation system. Responsibilities include building the recommendation algorithm and demonstrating its effectiveness through a user interface.,"python, machine learning, flask, scikit-learn",5 months,5000,4.6,6,77,https://www.linkedin.com/jobs/search/?keywords=internship
AI Research Intern,CyberGuard Systems,"Develop and implement an AI-based matchmaking engine for efficient internship placement. The project involves data preprocessing, model training, and front-end integration.","python, machine learning, flask, scikit-learn",5 months,5000,4.6,6,81,https://www.linkedin.com/jobs/search/?keywords=internship
Software Engineering Intern,TechNext Solutions,Work on a functional prototype of a smart allocation system. Responsibilities include building the recommendation algorithm and demonstrating its effectiveness through a user interface.,"flask, javascript, html, css, sqlite",5 months,5000,3.9,8,61,https://www.linkedin.com/jobs/search/?keywords=internship
Product Management Intern,SecureNet,"Develop and implement an AI-based matchmaking engine for efficient internship placement. The project involves data preprocessing, model training, and front-end integration.","flask, javascript, html, css, sqlite",5 months,10000,3.8,6,77,https://www.linkedin.com/jobs/search/?keywords=internship
Software Engineering Intern,CloudSphere Technologies,"This internship focuses on creating a smart automation tool for the PM Internship Scheme. The candidate will be involved in the full development lifecycle, from concept to deployment.","ai, nlp, python, data science",2 months,5000,4.6,7,66,https://www.linkedin.com/jobs/search/?keywords=internship
Machine Learning Engineer,Webify Services,"Develop and implement an AI-based matchmaking engine for efficient internship placement. The project involves data preprocessing, model training, and front-end integration.","flask, javascript, html, css, sqlite",4 months,12000,4.5,8,91,https://www.linkedin.com/jobs/search/?keywords=internship
Data Analyst Intern,SecureNet,"This internship focuses on creating a smart automation tool for the PM Internship Scheme. The candidate will be involved in the full development lifecycle, from concept to deployment.","flask, javascript, html, css, sqlite",3 months,15000,4.5,5,93,https://www.linkedin.com/jobs/search/?keywords=internship
Product Management Intern,Webify Services,Work on a functional prototype of a smart allocation system. Responsibilities include building the recommendation algorithm and demonstrating its effectiveness through a user interface.,"python, machine learning, flask, scikit-learn",6 months,5000,3.9,8,61,https://www.linkedin.com/jobs/search/?keywords=internship
Product Management Intern,LogicLoop,Work on a functional prototype of a smart allocation system. Responsibilities include building the recommendation algorithm and demonstrating its effectiveness through a user interface.,"flask, javascript, html, css, sqlite",5 months,10000,4.3,8,72,https://www.linkedin.com/jobs/search/?keywords=internship
Backend Developer (Python),TechNext Solutions,Work on a functional prototype of a smart allocation system. Responsibilities include building the recommendation algorithm and demonstrating its effectiveness through a user interface.,"ai, nlp, python, data science",6 months,12000,4.3,6,78,https://www.linkedin.com/jobs/search/?keywords=internship
Data Science Intern,TechNext Solutions,Work on a functional prototype of a smart allocation system. Responsibilities include building the recommendation algorithm and demonstrating its effectiveness through a user interface.,"python, machine learning, flask, scikit-learn",5 months,12000,4.5,7,83,https://www.linkedin.com/jobs/search/?keywords=internship
Backend Developer (Python),LogicLoop,Work on a functional prototype of a smart allocation system. Responsibilities include building the recommendation algorithm and demonstrating its effectiveness through a user interface.,"python, machine learning, flask, scikit-learn",3 months,20000,4.7,5,94,https://www.linkedin.com/jobs/search/?keywords=internship
Frontend Developer (JavaScript),SecureNet,"This internship focuses on creating a smart automation tool for the PM Internship Scheme. The candidate will be involved in the full development lifecycle, from concept to deployment.","python, machine learning, flask, scikit-learn",6 months,20000,4.5,7,80,https://www.linkedin.com/jobs/search/?keywords=internship
Product Management Intern,Webify Services,Work on a functional prototype of a smart allocation system. Responsibilities include building the recommendation algorithm and demonstrating its effectiveness through a user interface.,"ai, nlp, python, data science",4 months,10000,4.5,6,99,https://www.linkedin.com/jobs/search/?keywords=internship
Product Management Intern,LogicLoop,"Develop and implement an AI-based matchmaking engine for efficient internship placement. The project involves data preprocessing, model training, and front-end integration.","python, machine learning, flask, scikit-learn",5 months,12000,4.5,6,98,https://www.linkedin.com/jobs/search/?keywords=internship
Product Management Intern,CyberGuard Systems,"Develop and implement an AI-based matchmaking engine for efficient internship placement. The project involves data preprocessing, model training, and front-end integration.","python, machine learning, flask, scikit-learn",6 months,15000,4.2,8,70,https://www.linkedin.com/jobs/search/?keywords=internship
Backend Developer (Python),TechNext Solutions,"Develop and implement an AI-based matchmaking engine for efficient internship placement. The project involves data preprocessing, model training, and front-end integration.","python, machine learning, flask, scikit-learn",6 months,20000,4.4,6,73,https://www.linkedin.com/jobs/search/?keywords=internship
Web Development with Flask,LogicLoop,"This internship focuses on creating a smart automation tool for the PM Internship Scheme. The candidate will be involved in the full development lifecycle, from concept to deployment.","flask, javascript, html, css, sqlite",2 months,10000,4.2,5,99,https://www.linkedin.com/jobs/search/?keywords=internship
Cloud Engineering Intern,Insight Analytics,Work on a functional prototype of a smart allocation system. Responsibilities include building the recommendation algorithm and demonstrating its effectiveness through a user interface.,"python, machine learning, flask, scikit-learn",2 months,20000,4.0,6,77,https://www.linkedin.com/jobs/search/?keywords=internship
Data Analyst Intern,LogicLoop,"This internship focuses on creating a smart automation tool for the PM Internship Scheme. The candidate will be involved in the full development lifecycle, from concept to deployment.","python, machine learning, flask, scikit-learn",2 months,12000,4.0,8,84,https://www.linkedin.com/jobs/search/?keywords=internship
Cybersecurity Analyst Intern,LogicLoop,"This internship focuses on creating a smart automation tool for the PM Internship Scheme. The candidate will be involved in the full development lifecycle, from concept to deployment.","flask, javascript, html, css, sqlite",6 months,20000,4.6,7,96,https://www.linkedin.com/jobs/search/?keywords=internship
Machine Learning Engineer,Insight Analytics,"This internship focuses on creating a smart automation tool for the PM Internship Scheme. The candidate will be involved in the full development lifecycle, from concept to deployment.","ai, nlp, python, data science",5 months,10000,4.1,6,68,https://www.linkedin.com/jobs/search/?keywords=internship
Software Engineering Intern,DataWise Inc.,Work on a functional prototype of a smart allocation system. Responsibilities include building the recommendation algorithm and demonstrating its effectiveness through a user interface.,"python, machine learning, flask, scikit-learn",3 months,5000,4.1,8,88,https://www.linkedin.com/jobs/search/?keywords=internship
